group,date,link_text,url
(unlabeled),unknown_date,Agenda,https://homeless.lacounty.gov/wp-content/uploads/2018/12/120618-COAB-Mtg-Agenda_FINAL.pdf
(unlabeled),unknown_date,Agenda,https://homeless.lacounty.gov/wp-content/uploads/2018/08/COAB-Mtg-Agenda-090618-FINAL-1.pdf
(unlabeled),unknown_date,Agenda,https://homeless.lacounty.gov/wp-content/uploads/2018/08/COAB-Mtg-Listening-Session-Agenda-081418-FINAL.pdf
(unlabeled),unknown_date,Agenda,https://homeless.lacounty.gov/wp-content/uploads/2018/06/060718-COAB-Mtg-Agenda_FINAL.pdf
(unlabeled),unknown_date,Agenda,https://homeless.lacounty.gov/wp-content/uploads/2018/04/1031228_MEASUREHCitizens_OversightAdvisoryBoard.pdf
457 Horizons Plan Administrative Committee,2025-11-21,"November 21, 2025",https://file.lacounty.gov/SDSInter/ceo/agendas/1195988_HorizonsPACAgenda11.21.25-Final.pdf
457 Horizons Plan Administrative Committee,2025-10-31,"October 31, 2025",https://file.lacounty.gov/SDSInter/ceo/agendas/1194705_HorizonsPACAgenda10-31-2025FINAL.pdf
457 Horizons Plan Administrative Committee,2025-10-23,"October 23, 2025",https://file.lacounty.gov/SDSInter/ceo/agendas/1194144_10.23.25ArtsDeputiesAgenda.pdf
457 Horizons Plan Administrative Committee,2025-10-23,"October 23, 2025",https://file.lacounty.gov/SDSInter/ceo/agendas/1194442_CSCCSubcommitteeAgenda_October232025.pdf
457 Horizons Plan Administrative Committee,2025-09-26,"September 26, 2025",https://file.lacounty.gov/SDSInter/ceo/agendas/1192337_HorizonsPACAgendafor9.26.25.pdf
Community Services Cluster,unknown_date,Item 2A,https://file.lacounty.gov/SDSInter/ceo/agendas/1187069_2A-InformationalItems-ParksandRecreationRevisedFees.pdf
Community Services Cluster,unknown_date,Presentation,https://file.lacounty.gov/SDSInter/ceo/agendas/1195226_Item4A-DBH-CoastalResilienceProjectsUpdate-Presentation.pdf
Community Services Cluster,unknown_date,Presentation,https://file.lacounty.gov/SDSInter/ceo/agendas/1187640_Item4A-LibraryPresentation-Safety_WellbeingatLACountyLibrary.pdf
Community Services Cluster,unknown_date,Presentation,https://file.lacounty.gov/SDSInter/ceo/agendas/1187511_BiosciencePresentation.pdf
Community Services Cluster,unknown_date,Presentation,https://file.lacounty.gov/SDSInter/ceo/agendas/1168714_Item3A-PK-APPROVALOFMAXIMUMANDMIINIMUM2025TICKETPRICESCHEDULEFORHOLLYWOODBOWL.pdf
Economic Development Policy Committee,2025-12-04,"December 4, 2025",https://file.lacounty.gov/SDSInter/ceo/agendas/1196859_EDPCAgenda_12.4.25.pdf
Economic Development Policy Committee,2025-11-20,"November 20, 2025",https://file.lacounty.gov/SDSInter/ceo/agendas/1196160_11.20.25_EDPCPacket.pdf
Economic Development Policy Committee,2025-11-06,"November 6, 2025",https://file.lacounty.gov/SDSInter/ceo/agendas/1195230_11_6_25_EDPCPacket.pdf
Economic Development Policy Committee,2025-10-16,"October 16, 2025",https://file.lacounty.gov/SDSInter/ceo/agendas/1194009_EDPCAgenda_10.16.25plusmaterials.pdf
Economic Development Policy Committee,2025-10-02,"October 2, 2025",https://file.lacounty.gov/SDSInter/ceo/agendas/1192954_EDPCAgenda_10.2.25plusmaterials.pdf
Executive Committee for Regional Homeless Alignment,2025-11-21,"November 21, 2025",https://file.lacounty.gov/SDSInter/ceo/agendas/1196143_11-21-2025ECRHAMeetingAgendaFINAL.pdf
Executive Committee for Regional Homeless Alignment,2025-11-20,"November 20, 2025",https://file.lacounty.gov/SDSInter/ceo/agendas/1196132_11-20-2025ECRHABPSCAgendaFINAL.pdf
Executive Committee for Regional Homeless Alignment,2025-10-31,"October 31, 2025",https://file.lacounty.gov/SDSInter/ceo/agendas/1194878_10-31-2025ECRHARegularMeetingAgenda.pdf
Executive Committee for Regional Homeless Alignment,2025-10-09,"October 9, 2025",https://file.lacounty.gov/SDSInter/ceo/agendas/1193621_10-09-2025ECRHABPSCAgendaFINAL.pdf
Executive Committee for Regional Homeless Alignment,2025-09-26,"September 26, 2025",https://file.lacounty.gov/SDSInter/ceo/agendas/1192624_09-26-25ECRHAMeetingAgendaFINAL.pdf
Family and Social Services Cluster,unknown_date,"December 22nd and 29th, 2021 – CANCELLED",https://file.lacounty.gov/SDSInter/ceo/agendas/1116688_FSS_AgendaReviewMeetings_12-22and12-29-21CANCELED.pdf
Family and Social Services Cluster,2025-12-03,"December 3, 2025",https://file.lacounty.gov/SDSInter/ceo/agendas/1196905_12-03-25Family_SocialServicesAgendaReviewMeetingMaterials.pdf
Family and Social Services Cluster,2025-11-26,"November 26, 2025 – CANCELLED",https://file.lacounty.gov/SDSInter/ceo/agendas/1196678_11-26-25Family_SocialServicesAgendaReviewMeeting-CANCELED.pdf
Family and Social Services Cluster,2025-11-19,"November 19, 2025",https://file.lacounty.gov/SDSInter/ceo/agendas/1196130_11-19-25Family_SocialServicesAgendaReviewMeetingMaterials.pdf
Family and Social Services Cluster,2025-11-12,"November 12, 2025 – Canceled",https://file.lacounty.gov/SDSInter/ceo/agendas/1195633_11-12-25Family_SocialServicesAgendaReviewMeeting-CANCELED.pdf
Gender-Based Violence Cluster,unknown_date,Presentation,https://file.lacounty.gov/SDSInter/ceo/agendas/1196564_GBVPPD11.20.25Presentation.pdf
Gender-Based Violence Cluster,unknown_date,Presentation,https://file.lacounty.gov/SDSInter/ceo/agendas/1192210_GBVPPD09.18.25Presentation.pdf
Gender-Based Violence Cluster,unknown_date,Presentation,https://file.lacounty.gov/SDSInter/ceo/agendas/1188612_GBVPPD07.17.25Presentation_FINAL.pdf
Gender-Based Violence Cluster,unknown_date,Presentation,https://file.lacounty.gov/SDSInter/ceo/agendas/1182251_GBVPPDPrevention4.17.25Presentation.pdf
Gender-Based Violence Cluster,unknown_date,Presentation,https://file.lacounty.gov/SDSInter/ceo/agendas/1177997_GBVPPDPrevention2.20.25Presentation.pdf
Health and Mental Health Services Cluster,2025-12-03,"December 3, 2025",https://file.lacounty.gov/SDSInter/ceo/agendas/1196948_FinalAgendaPacket12.03.2025-HMHS.pdf
Health and Mental Health Services Cluster,2025-11-26,"November 26, 2025",https://file.lacounty.gov/SDSInter/ceo/agendas/1196679_FinalAgendaPacket11.26.2025.pdf
Health and Mental Health Services Cluster,2025-11-19,"November 19, 2025",https://file.lacounty.gov/SDSInter/ceo/agendas/1196115_FinalAgendaPacket11.19.2025-HMHS.pdf
Health and Mental Health Services Cluster,2025-11-12,"November 12, 2025",https://file.lacounty.gov/SDSInter/ceo/agendas/1195697_FinalAgendaPacket11.12.2025.pdf
Health and Mental Health Services Cluster,2025-11-05,"November 5, 2025",https://file.lacounty.gov/SDSInter/ceo/agendas/1195246_FinalAgendaPacket11.05.2025-HMHS.pdf
Homeless Policy Deputies,unknown_date,AIAN Homelessness and Housing Presentation,https://file.lacounty.gov/SDSInter/ceo/agendas/1162355_6.13.24AIANHomelessnessandHousing_UpdatesandPerspectivesfromtheLANAIC.pdf
Homeless Policy Deputies,unknown_date,ARDI Presentation,https://file.lacounty.gov/SDSInter/ceo/agendas/1177766_SlidesforHomelessDeputiesMeeting2.13_DS.pdf
Homeless Policy Deputies,unknown_date,"American Indian/
Alaskan Native Community Presentation",https://file.lacounty.gov/SDSInter/ceo/agendas/1162354_6.13.24AI.ANUpdatesPresentation.pdf
Homeless Policy Deputies,unknown_date,"Augusut 24, 2023 – CANCELLED",https://file.lacounty.gov/SDSInter/ceo/agendas/1146281_8.24.23AgendaHomelessPolicyDeputies_FINAL_CANCEL.pdf
Homeless Policy Deputies,unknown_date,Board Letter/Budget Charts,https://file.lacounty.gov/SDSInter/ceo/agendas/1177765_DraftFY2025-26HomelessInitiativeFundingRecommendations-BOARDLETTERPacket_3_.pdf
LACDA Board Deputies,2025-12-04,"December 4, 2025",https://file.lacounty.gov/SDSInter/ceo/agendas/1196858_LACDADeputiesAgendaDecember42025.pdf
LACDA Board Deputies,2025-12-01,"December 1, 2025",https://file.lacounty.gov/SDSInter/ceo/agendas/1196860_LTRHA12-01-2025AgendaFinal11-25-2025.pdf
LACDA Board Deputies,2025-11-20,"November 20, 2025",https://file.lacounty.gov/SDSInter/ceo/agendas/1196039_PostedAgendaNov2025Final.pdf
LACDA Board Deputies,2025-11-06,"November 6, 2025",https://file.lacounty.gov/SDSInter/ceo/agendas/1195303_LACDADeputiesAgendaNovember62025.pdf
LACDA Board Deputies,2025-10-22,"October 22, 2025",https://file.lacounty.gov/SDSInter/ceo/agendas/1194517_10-22-2025LTRHAAgenda10-16-2025.pdf
Monthly Planning Deputies,2022-01-13,"January 13, 2022 – Canceled",https://file.lacounty.gov/SDSInter/ceo/agendas/1116852_01_13_Cancel_Pdf.pdf
Monthly Planning Deputies,2021-12-09,"December 9, 2021",https://file.lacounty.gov/SDSInter/ceo/agendas/1116134_12_09_MonthlyBOSPlanningDeputiesMeetingAgenda_Pdf.pdf
Monthly Planning Deputies,2021-10-14,"October 14, 2021",https://file.lacounty.gov/SDSInter/ceo/agendas/1113880_10_14_Agenda_Pdf.pdf
Monthly Planning Deputies,2021-09-09,"September 9, 2021",https://file.lacounty.gov/SDSInter/ceo/agendas/1111894_09_09_Agenda_Pdf.pdf
Monthly Planning Deputies,2021-08-12,"August 12, 2021",https://file.lacounty.gov/SDSInter/ceo/agendas/1110915_08_12_Agenda_Pdf.pdf
Operations Cluster,2025-12-03,"December 3, 2025",https://file.lacounty.gov/SDSInter/ceo/agendas/1196932_12.03.25Agenda-operations.pdf
Operations Cluster,2025-11-26,"November 26, 2025",https://file.lacounty.gov/SDSInter/ceo/agendas/1196634_11.26.25Agenda.pdf
Operations Cluster,2025-11-19,"November 19, 2025",https://file.lacounty.gov/SDSInter/ceo/agendas/1196048_11.19.25Agenda-operations.pdf
Operations Cluster,2025-11-12,"November 12, 2025",https://file.lacounty.gov/SDSInter/ceo/agendas/1195634_11.12.25Agenda.pdf
Operations Cluster,2025-11-05,"November 5, 2025",https://file.lacounty.gov/SDSInter/ceo/agendas/1195167_11.05.25Agenda-operations.pdf
Pension Savings Plan Administrative Committee,2025-11-21,"November 21, 2025",https://file.lacounty.gov/SDSInter/ceo/agendas/1195989_PensionSavingsPACAgenda11.21.25-Final.pdf
Pension Savings Plan Administrative Committee,2025-09-26,"September 26, 2025",https://file.lacounty.gov/SDSInter/ceo/agendas/1192338_PSPAgenda9.26.25.pdf
Pension Savings Plan Administrative Committee,2025-08-22,"August 22, 2025",https://file.lacounty.gov/SDSInter/ceo/agendas/1190098_PensionSavingsPACAgenda08-22-2025FINAL.pdf
Pension Savings Plan Administrative Committee,2025-07-25,"July 25, 2025",https://file.lacounty.gov/SDSInter/ceo/agendas/1188389_PensionSavingsPACAgenda07.25.25-Final.pdf
Pension Savings Plan Administrative Committee,2025-05-30,"May 30, 2025",https://file.lacounty.gov/SDSInter/ceo/agendas/1184622_PSPAgenda5.30.25.pdf
Permanent Steering Committee,unknown_date,",",https://file.lacounty.gov/SDSInter/ceo/agendas/1136532_EPIC-LABoardDeputyBriefingAgenda_002_ia.pdf
Permanent Steering Committee,unknown_date,2022 Permanent Steering Committee Meeting Schedule,https://file.lacounty.gov/SDSInter/ceo/agendas/1120181_2022PermanentSteeringCommitteeMeetingSchedule.pdf
Permanent Steering Committee,unknown_date,Presentation,https://file.lacounty.gov/SDSInter/ceo/agendas/1174395_ODRPSCMeeting121824_2.pdf
Permanent Steering Committee,unknown_date,Presentation,https://file.lacounty.gov/SDSInter/ceo/agendas/1167295_ODRPSCMeeting091824.pdf
Permanent Steering Committee,2025-10-23,"October 23, 2025",https://file.lacounty.gov/SDSInter/ceo/agendas/1194486_AgendaREMCOctober232025.pdf
Public Safety Cluster,2025-12-03,"December 3, 2025",https://file.lacounty.gov/SDSInter/ceo/agendas/1196947_2025.12.03agendaanddocs-publicsafety.pdf
Public Safety Cluster,2025-11-26,"November 26, 2025",https://file.lacounty.gov/SDSInter/ceo/agendas/1196633_2025.11.26agendaanddocs.pdf
Public Safety Cluster,2025-11-19,"November 19, 2025",https://file.lacounty.gov/SDSInter/ceo/agendas/1196116_2025.11.19agendaanddocs-publicsafety.pdf
Public Safety Cluster,2025-11-12,"November 12, 2025",https://file.lacounty.gov/SDSInter/ceo/agendas/1195635_2025.11.12agendaanddocs.pdf
Public Safety Cluster,2025-11-05,"November 5, 2025",https://file.lacounty.gov/SDSInter/ceo/agendas/1195168_2025.11.05agendaanddocs-publicsafety.pdf
Savings 401(k) Plan Administrative Committee,unknown_date,"April, 22, 2021",https://ceo.lacounty.gov/wp-content/uploads/2021/04/Rental-Property-Owner-Roundtable-Agenda-April22.2021-1.pdf
Savings 401(k) Plan Administrative Committee,2025-12-04,"December 4, 2025",https://file.lacounty.gov/SDSInter/ceo/agendas/1196632_December2025QPCBrownActPosting.pdf
Savings 401(k) Plan Administrative Committee,2025-11-21,"November 21, 2025",https://file.lacounty.gov/SDSInter/ceo/agendas/1195990_SavingsPACAgenda11.21.25-Final.pdf
Savings 401(k) Plan Administrative Committee,2025-10-31,"October 31, 2025",https://file.lacounty.gov/SDSInter/ceo/agendas/1194706_SavingsPACAgenda10-31-2025FINAL.pdf
Savings 401(k) Plan Administrative Committee,2025-10-16,"October 16, 2025",https://file.lacounty.gov/SDSInter/ceo/agendas/1193044_October2025QPCBrownActPosting.pdf
