group,date,link_text,url,filename
(unlabeled),2024-10-30,"October 30, 2024",https://file.lacounty.gov/SDSInter/ceo/agendas/1169575_2024.10.30.CCJagendaanddocs.pdf,1169575_2024.10.30.CCJagendaanddocs.pdf
(unlabeled),2024-06-05,"June 5, 2024",https://file.lacounty.gov/SDSInter/ceo/agendas/1161397_2024.06.05.CCJagendaanddocs.pdf,1161397_2024.06.05.CCJagendaanddocs.pdf
(unlabeled),2025-11-24,"November 24, 2025",https://file.lacounty.gov/SDSInter/ceo/agendas/1196556_112425FinalAgenda-MeasureALaborCouncil.pdf,1196556_112425FinalAgenda-MeasureALaborCouncil.pdf
(unlabeled),2025-11-14,"November 14, 2025",https://file.lacounty.gov/SDSInter/lac/1195739_11-14-2025FINALAGENDA.pdf,1195739_11-14-2025FINALAGENDA.pdf
(unlabeled),2025-10-10,"October 10, 2025",https://file.lacounty.gov/SDSInter/ceo/agendas/1193623_101025FINALAgenda-MeasureALaborCouncil.pdf,1193623_101025FINALAgenda-MeasureALaborCouncil.pdf
(unlabeled),2025-01-30,"January 30, 2025",https://file.lacounty.gov/SDSInter/ceo/agendas/1176410_1-30-25FinalCOABAgenda.pdf,1176410_1-30-25FinalCOABAgenda.pdf
(unlabeled),2024-12-05,"December 5, 2024 – CANCELLED",https://file.lacounty.gov/SDSInter/ceo/agendas/1171031_12-05-24COABAgenda.pdf,1171031_12-05-24COABAgenda.pdf
(unlabeled),2024-09-05,"September 5, 2024 – Updated",https://file.lacounty.gov/SDSInter/ceo/agendas/1166558_9_5_24COABMeetingAgendawithAllAttachments.pdf,1166558_9_5_24COABMeetingAgendawithAllAttachments.pdf
(unlabeled),2024-06-06,"June 6, 2024",https://file.lacounty.gov/SDSInter/ceo/agendas/1161890_Updated06-06-24COABAgendaAttachments.pdf,1161890_Updated06-06-24COABAgendaAttachments.pdf
(unlabeled),2024-03-07,"March 7, 2024",https://file.lacounty.gov/SDSInter/ceo/agendas/1156796_03-07-24COABAgendaAttachments.pdf,1156796_03-07-24COABAgendaAttachments.pdf
(unlabeled),2023-12-07,"December 7, 2023",https://file.lacounty.gov/SDSInter/ceo/agendas/1152527_12.7.23COABAgendaandAttachments.pdf,1152527_12.7.23COABAgendaandAttachments.pdf
(unlabeled),2023-10-13,"October 13, 2023",https://file.lacounty.gov/SDSInter/ceo/agendas/1149477_10.13.23COABAgenda.pdf,1149477_10.13.23COABAgenda.pdf
(unlabeled),2023-09-07,"September 7, 2023 – CANCELLED",https://file.lacounty.gov/SDSInter/ceo/agendas/1146748_9_7_23COABAgenda_002_.pdf,1146748_9_7_23COABAgenda_002_.pdf
(unlabeled),2023-06-01,"June 1, 2023",https://file.lacounty.gov/SDSInter/ceo/agendas/1142691_2023-06-01COABpacket.pdf,1142691_2023-06-01COABpacket.pdf
(unlabeled),2023-03-02,"March 2, 2023 – CANCELLED",https://file.lacounty.gov/SDSInter/ceo/agendas/1138034_2023-03-02COABAgenda_CANCELLED.pdf,1138034_2023-03-02COABAgenda_CANCELLED.pdf
(unlabeled),2022-12-01,"December 1, 2022",https://file.lacounty.gov/SDSInter/ceo/agendas/1133810_12.01.22COABPacket2.pdf,1133810_12.01.22COABPacket2.pdf
(unlabeled),2022-09-01,"September 1, 2022",https://file.lacounty.gov/SDSInter/ceo/agendas/1129218_09.01.22COABMtgAgenda_FINALPACKET.pdf,1129218_09.01.22COABMtgAgenda_FINALPACKET.pdf
(unlabeled),2022-06-02,"June 2, 2022",https://file.lacounty.gov/SDSInter/ceo/agendas/1125224_06.02.22COABMtgAgenda_FINALPACKET3.pdf,1125224_06.02.22COABMtgAgenda_FINALPACKET3.pdf
(unlabeled),2022-03-03,"March 3, 2022",https://file.lacounty.gov/SDSInter/ceo/agendas/1120225_03.03.22COABMtg_FINALPACKET.pdf,1120225_03.03.22COABMtg_FINALPACKET.pdf
(unlabeled),2021-12-02,"December 02, 2021",https://ceo.lacounty.gov/wp-content/uploads/2021/12/12.02.21-COAB-Mtg-Agenda_FINAL-PACKET3.pdf,12.02.21-COAB-Mtg-Agenda_FINAL-PACKET3.pdf
(unlabeled),2021-09-02,"September 2, 2021",https://ceo.lacounty.gov/wp-content/uploads/2021/08/09.02.21-COAB-Mtg-Packet_FINAL2.pdf,09.02.21-COAB-Mtg-Packet_FINAL2.pdf
(unlabeled),2021-06-03,"June 3, 2021",https://ceo.lacounty.gov/wp-content/uploads/2021/05/06.03.21-COAB-MTG-PACKET_FINAL.pdf,06.03.21-COAB-MTG-PACKET_FINAL.pdf
(unlabeled),2021-03-04,"March 4, 2021",https://ceo.lacounty.gov/wp-content/uploads/2021/03/03.04.21-COAB-Mtg-Agenda_FINAL-PACKET-1.pdf,03.04.21-COAB-Mtg-Agenda_FINAL-PACKET-1.pdf
(unlabeled),2021-12-02,Agenda Documents,https://homeless.lacounty.gov/wp-content/uploads/2021/12/12.02.21-COAB-Mtg-Agenda_FINAL-PACKET3.pdf,12.02.21-COAB-Mtg-Agenda_FINAL-PACKET3.pdf
(unlabeled),2021-09-02,Agenda Documents,https://homeless.lacounty.gov/wp-content/uploads/2021/09/09.02.21-COAB-Mtg-Packet_FINAL2.pdf,09.02.21-COAB-Mtg-Packet_FINAL2.pdf
(unlabeled),2021-06-03,Agenda Documents,https://homeless.lacounty.gov/wp-content/uploads/2021/05/06.03.21-COAB-MTG-PACKET_FINAL2.pdf,06.03.21-COAB-MTG-PACKET_FINAL2.pdf
(unlabeled),2021-03-04,Agenda Documents,https://homeless.lacounty.gov/wp-content/uploads/2021/03/03.04.21-COAB-Mtg-Agenda_FINAL-PACKET2.pdf,03.04.21-COAB-Mtg-Agenda_FINAL-PACKET2.pdf
(unlabeled),2020-12-03,Agenda Documents,https://homeless.lacounty.gov/wp-content/uploads/2020/12/12.03.20-COAB-Mtg-Agenda_FINAL-PACKET3.pdf,12.03.20-COAB-Mtg-Agenda_FINAL-PACKET3.pdf
(unlabeled),2020-09-03,Agenda Documents,https://homeless.lacounty.gov/wp-content/uploads/2020/09/09.03.20-COAB-PACKET3.pdf,09.03.20-COAB-PACKET3.pdf
(unlabeled),2020-06-04,Agenda Documents,https://homeless.lacounty.gov/wp-content/uploads/2020/06/06.04.20-COAB-Mtg-Agenda-PACKET2.pdf,06.04.20-COAB-Mtg-Agenda-PACKET2.pdf
(unlabeled),2020-03-11,Agenda Documents,https://homeless.lacounty.gov/wp-content/uploads/2020/03/03.11.20-COAB-Mtg-PACKET4.pdf,03.11.20-COAB-Mtg-PACKET4.pdf
(unlabeled),2019-12-05,Agenda Documents,https://homeless.lacounty.gov/wp-content/uploads/2019/12/12.05.19-COAB-Mtg-Documents-FINAL2.pdf,12.05.19-COAB-Mtg-Documents-FINAL2.pdf
(unlabeled),2019-09-05,Agenda Documents,https://homeless.lacounty.gov/wp-content/uploads/2019/09/09.05.19-COAB-MTG-PACKET-FINAL4.pdf,09.05.19-COAB-MTG-PACKET-FINAL4.pdf
(unlabeled),2019-06-12,Agenda Documents,https://homeless.lacounty.gov/wp-content/uploads/2019/06/06.12.19-COAB-Mtg-Packet.pdf,06.12.19-COAB-Mtg-Packet.pdf
(unlabeled),2019-03-07,Agenda Documents,https://homeless.lacounty.gov/wp-content/uploads/2019/03/03.07.19-COAB-Mtg-Documents_FINAL2-2.pdf,03.07.19-COAB-Mtg-Documents_FINAL2-2.pdf
(unlabeled),unknown_date,Agenda,https://homeless.lacounty.gov/wp-content/uploads/2018/12/120618-COAB-Mtg-Agenda_FINAL.pdf,120618-COAB-Mtg-Agenda_FINAL.pdf
(unlabeled),2018-12-06,Minutes,https://homeless.lacounty.gov/wp-content/uploads/2021/05/12.06.18-COAB-Minutes-1.pdf,12.06.18-COAB-Minutes-1.pdf
(unlabeled),unknown_date,Agenda,https://homeless.lacounty.gov/wp-content/uploads/2018/08/COAB-Mtg-Agenda-090618-FINAL-1.pdf,COAB-Mtg-Agenda-090618-FINAL-1.pdf
(unlabeled),2018-09-06,Minutes,https://homeless.lacounty.gov/wp-content/uploads/2019/01/09.06.18-COAB-Minutes_FINAL.pdf,09.06.18-COAB-Minutes_FINAL.pdf
(unlabeled),unknown_date,Agenda,https://homeless.lacounty.gov/wp-content/uploads/2018/08/COAB-Mtg-Listening-Session-Agenda-081418-FINAL.pdf,COAB-Mtg-Listening-Session-Agenda-081418-FINAL.pdf
(unlabeled),2018-08-14,Minutes,https://homeless.lacounty.gov/wp-content/uploads/2018/09/08.14.18-COAB-Listening-Session-Minutes_FINAL.pdf,08.14.18-COAB-Listening-Session-Minutes_FINAL.pdf
(unlabeled),unknown_date,Agenda,https://homeless.lacounty.gov/wp-content/uploads/2018/06/060718-COAB-Mtg-Agenda_FINAL.pdf,060718-COAB-Mtg-Agenda_FINAL.pdf
(unlabeled),2018-06-07,Minutes,https://homeless.lacounty.gov/wp-content/uploads/2018/09/06.07.18-COAB-Minutes_FINAL.pdf,06.07.18-COAB-Minutes_FINAL.pdf
(unlabeled),2018-03-08,Agenda,https://homeless.lacounty.gov/wp-content/uploads/2018/08/COAB-Mtg-Agenda-FINAL_03.08.18.pdf,COAB-Mtg-Agenda-FINAL_03.08.18.pdf
(unlabeled),2018-05-03,Minutes,https://homeless.lacounty.gov/wp-content/uploads/2018/09/05.03.18-COAB-Listening-Session-Minutes_FINAL.pdf,05.03.18-COAB-Listening-Session-Minutes_FINAL.pdf
(unlabeled),2018-03-08,Agenda,https://homeless.lacounty.gov/wp-content/uploads/2018/03/COAB-Mtg-Agenda-FINAL-and-Minutes_03.08.18.pdf,COAB-Mtg-Agenda-FINAL-and-Minutes_03.08.18.pdf
(unlabeled),2018-03-08,Minutes,https://homeless.lacounty.gov/wp-content/uploads/2018/09/03.08.18-COAB-Meeting-Minutes_FINAL.pdf,03.08.18-COAB-Meeting-Minutes_FINAL.pdf
(unlabeled),unknown_date,Agenda,https://homeless.lacounty.gov/wp-content/uploads/2018/04/1031228_MEASUREHCitizens_OversightAdvisoryBoard.pdf,1031228_MEASUREHCitizens_OversightAdvisoryBoard.pdf
(unlabeled),2017-12-07,Minutes,https://homeless.lacounty.gov/wp-content/uploads/2018/03/12.7.17-COAB-Minutes_FINAL.pdf,12.7.17-COAB-Minutes_FINAL.pdf
(unlabeled),2017-09-26,Agenda,https://homeless.lacounty.gov/wp-content/uploads/2017/09/COAB-Mtg-Agenda-9.26.17-FINAL.pdf,COAB-Mtg-Agenda-9.26.17-FINAL.pdf
(unlabeled),unknown_date,Minutes,https://homeless.lacounty.gov/wp-content/uploads/2018/01/COAB_Mtg-Minutes-9.26.17_FINAL-1.pdf,COAB_Mtg-Minutes-9.26.17_FINAL-1.pdf
(unlabeled),unknown_date,Department Head Salaries,https://file.lacounty.gov/SDSInter/lac/1042360_DepartmentHeadSalaries.pdf,1042360_DepartmentHeadSalaries.pdf
(unlabeled),unknown_date,Elected Officials Salaries,https://file.lacounty.gov/SDSInter/lac/1044065_ElectedOfficialsSalaries.pdf,1044065_ElectedOfficialsSalaries.pdf
(unlabeled),unknown_date,LA County by the Numbers,http://file.lacounty.gov/SDSInter/lac/1139128_LACountyBytheNumbers.pdf,1139128_LACountyBytheNumbers.pdf
